threat_id,category,severity,status,component,flow_component,title,controls_xref,first_seen,last_confirmed,resolved_date,notes
S-003,S,MEDIUM,open,server,"Z4→Z3: pidfile TOCTOU","PID reuse window between pidfile read and kill","constitution Article IV; SECURITY.md §scope",2026-10-04,2026-10-04,,"Residual TOCTOU between _is_ember_server check and os.kill; _is_ember_server + /health cross-check are strong compensating controls"
S-004,S,MEDIUM,open,mcp,"Z1→Z2: EMBER_SERVER_URL scheme","EMBER_SERVER_URL can redirect MCP to non-loopback target","SECURITY.md §security-sensitive-design-notes; COMPATIBILITY.md §running-in-the-cloud",2026-10-04,2026-10-04,,"Misconfiguration vector: operator sets EMBER_SERVER_URL to non-loopback; state sent to remote host; same root cause as S-001 but operator-misconfiguration scenario"
T-004,T,MEDIUM,open,server,"Z4: config.json","Config file loaded without integrity check","constitution Article XIII §13.5",2026-10-04,2026-10-04,,"config.update(json.loads(path.read_text())) accepts tampered config silently; tampered host value can expose server beyond loopback"
T-005,T,MEDIUM,open,server,"Z4: server.pid","Pidfile has no integrity check","constitution Article IV",2026-10-04,2026-10-04,,"Plain text pidfile; _is_ember_server check is a strong compensating control; residual risk if attacker controls both pidfile and a process with matching argv"
R-002,R,MEDIUM,open,mcp,"Z0→Z1: advise tool call","advise calls not logged with state/questions","",2026-10-04,2026-10-04,,"advise() in mcp_server.py logs server start/ready but not question IDs or model label per call; no post-incident audit trail"
R-003,R,MEDIUM,open,mcp,"Z1: MCP stderr logging","MCP logs are human-readable not structured","",2026-10-04,2026-10-04,,"logging.basicConfig format=[ember-mcp] %(message)s; no timestamp field, no request ID, not machine-parseable"
R-004,R,MEDIUM,open,cli,"Z4: model lifecycle","model rm / uninstall --purge-models not logged","",2026-10-04,2026-10-04,,"models.remove() returns a string but writes no log entry; ember uninstall --purge-models deletes files with no audit trail"
I-001,I,MEDIUM,open,server,"Z2: /health response","/health discloses PID and engine details","vault/decisions/2026-10-02-expose-prometheus-metrics-on-the-server.md",2026-10-04,2026-10-04,,"GET /health returns pid + Engine.describe() including model_dir (full filesystem path); any loopback caller learns server PID and model directory"
I-002,I,MEDIUM,open,mcp,"Z1→Z0: ToolError messages","ToolError may include internal paths or server stack traces","",2026-10-04,2026-10-04,,"raise ToolError(f'ember server error {resp.status_code}: {resp.text}') forwards raw FastAPI error body to agent; may contain file paths or stack traces"
D-003,D,MEDIUM,open,server,"Z2: uvicorn","uvicorn started without concurrency or timeout limits","",2026-10-04,2026-10-04,,"uvicorn.run() called with only host/port/log_level; no limit_concurrency, timeout_keep_alive, or backlog; connection exhaustion under flood"
D-004,D,MEDIUM,open,server,"Z4: server.log","server.log grows without rotation","",2026-10-04,2026-10-04,,"open(paths.server_log_path(), 'ab') is append-only with no size cap; high-volume inference can fill disk"
D-005,D,MEDIUM,open,server,"Z4: autostart TOCTOU","Multiple MCP autostart calls race to spawn server","",2026-10-04,2026-10-04,,"process.start() checks is_up() then calls spawn() without a file lock; concurrent autostart attempts can spawn two server processes"
I-003,I,LOW,open,runtime,"Z3: sys.path","Model dir added to sys.path — path disclosure in tracebacks","",2026-10-04,2026-10-04,,"sys.path.insert(0, path) adds model dir for process lifetime; full path appears in import tracebacks forwarded via I-002"
I-004,I,LOW,open,server,"Z4: server.log","server.log captures all server output including potential state echoes","RESPONSIBLE_USE.md §privacy",2026-10-04,2026-10-04,,"Current code does not log state; prospective risk if future change adds debug logging of state/questions/answers"
I-005,I,LOW,open,server,"Z2: /metrics","/metrics exposes model name device dtype","vault/decisions/2026-10-02-expose-prometheus-metrics-on-the-server.md",2026-10-04,2026-10-04,,"ember_model_info{model,device,dtype} visible to any loopback caller; accepted risk per metrics decision; document in SECURITY.md"
R-005,R,INFO,open,server,"Z2: /health /metrics access","No access log on health/metrics endpoints","vault/decisions/2026-10-02-expose-prometheus-metrics-on-the-server.md",2026-10-04,2026-10-04,,"uvicorn logs HTTP requests to server.log but not structured; no per-caller identity; acceptable for single-user loopback deployment"
E-001,E,CRITICAL,fixed,runtime,"Z4→Z3: EMBER_MODEL_DIR import","Arbitrary code execution via model-dir import","SECURITY.md §out-of-scope; constitution Article IV",2026-10-04,2026-10-04,2026-10-05,"joint_module() inserts EMBER_MODEL_DIR into sys.path and imports joint_schema_model.py as executable Python; attacker-controlled dir = ACE at model-server startup. Fixed in #57"
T-001,T,CRITICAL,fixed,runtime,"Z4→Z3: EMBER_MODEL_DIR + sys.path","Executable Python imported from attacker-controlled dir","vault/discoveries/2026-10-02-media-refs-are-data-uris-not-host-paths.md",2026-10-04,2026-10-04,2026-10-05,"Same root cause as E-001; Tampering angle: code injection via model dir; fix: SHA-256 verify joint_schema_model.py before import. Fixed in #57"
S-001,S,HIGH,fixed,mcp,"Z1→Z2: EMBER_SERVER_URL","MCP trusts arbitrary server URL without loopback validation","SECURITY.md §security-sensitive-design-notes",2026-10-04,2026-10-04,2026-10-05,"SERVER_URL accepted from env without validating hostname is 127.0.0.1 or ::1; attacker who controls env can redirect advise calls to exfiltration server. Fixed in #58"
S-002,S,HIGH,fixed,runtime,"Z4→Z3: EMBER_MODEL_DIR","Model identity unverifiable — no weight hash check","constitution Article V; COMPATIBILITY.md §tested-models",2026-10-04,2026-10-04,2026-10-05,"Pinned revision SHA used only at download time; load_clef() uses strict=True for tensor shapes but no cryptographic integrity check at runtime. Fixed in #57"
T-002,T,HIGH,fixed,runtime,"Z4→Z3: EMBER_MODEL_DIR","EMBER_MODEL_DIR accepted without directory validation","",2026-10-04,2026-10-04,2026-10-05,"resolve_dir() checks is_dir() only; no validation of expected model files (joint_head_config.json, joint_head.safetensors, joint_schema_model.py). Fixed in #57"
T-003,T,HIGH,fixed,runtime,"Z2→Z3: media_kwargs","Unreserved media_kwargs forwarded to joint_schema_model","vault/discoveries/2026-10-02-media-refs-are-data-uris-not-host-paths.md",2026-10-04,2026-10-04,2026-10-05,"RESERVED_MEDIA_KWARGS is a blocklist; all non-reserved keys pass through to joint_schema_model.systemone; switch to allowlist. Fixed in #58"
E-002,E,HIGH,fixed,plugin,"Z4→Z3: EMBER_MCP env var","EMBER_MCP resolves to arbitrary executable","",2026-10-04,2026-10-04,2026-10-05,"resolveEmberMcp() trusts process.env.EMBER_MCP without validating the path ends with ember-mcp; attacker-controlled env = arbitrary binary spawned as MCP server. Fixed in #58"
D-001,D,HIGH,fixed,server,"Z1→Z2: HTTP /v1/systemone","No rate limiting on inference endpoint","SECURITY.md §scope; constitution Article XIV §14.3",2026-10-04,2026-10-04,2026-10-05,"Any loopback process can flood /v1/systemone; engine lock serializes but queue is unbounded; add slowapi or limit_concurrency to uvicorn.run(). Fixed in #59"
D-002,D,HIGH,fixed,runtime,"Z2→Z3: max_length","Default 262144-token context exhausts MPS memory","COMPATIBILITY.md §known-issues",2026-10-04,2026-10-04,2026-10-05,"max_length defaults to model maximum (262144); no per-request cap; large state can OOM the server; add EMBER_MAX_REQUEST_LENGTH cap. Fixed in #59"
R-001,R,HIGH,fixed,server,"Z4: process lifecycle","stop() performs destructive action with no audit log","constitution Article IV",2026-10-04,2026-10-04,2026-10-05,"os.kill(pid, SIGTERM) and pidfile deletion in process.stop() with no log entry; add log.info before os.kill. Fixed in #60"
